model,precision@5,recall@5,ndcg@5,map@5,hit_rate@5,precision@10,recall@10,ndcg@10,map@10,hit_rate@10,precision@20,recall@20,ndcg@20,map@20,hit_rate@20,coverage,novelty
cosine_similarity,0.024000000000000004,0.008132649213531566,0.023258809725385788,0.0035871687136393017,0.12,0.027999999999999997,0.01877715542111827,0.026343750111089425,0.005321977800751021,0.23,0.020499999999999997,0.027657057381902585,0.026088241695838343,0.006156391165947714,0.31,0.77,0.8852359850624821
faiss,0.024000000000000004,0.008132649213531566,0.023258809725385788,0.0035871687136393017,0.12,0.027999999999999997,0.01877715542111827,0.026343750111089425,0.005321977800751021,0.23,0.020499999999999997,0.027657057381902585,0.026088241695838343,0.006156391165947714,0.31,0.77,0.8852359850624821
pca_cosine,0.024000000000000004,0.008465982546864901,0.022348806740381453,0.003348513251454428,0.12,0.025,0.01674306451202736,0.023812826809681446,0.004810951306820115,0.21,0.019999999999999997,0.02715705738190258,0.02522550563750183,0.005817792553211926,0.31,0.771,0.8850754943586653
knn,0.0,0.0,0.0,0.0,0.0,0.0,0.0,0.0,0.0,0.0,0.0,0.0,0.0,0.0,0.0,0.0,0.0
